{
  "best_val_mae": 5.075900554656982,
  "stopped_at_epoch": 8,
  "per_horizon_val_mae": {
    "h3": 4.133759498596191,
    "h12": 5.079214572906494,
    "h24": 5.4253435134887695,
    "h72": 6.3249664306640625
  }
}