{
  "h3": {
    "upper": 3.7774646282196045,
    "lower": 0.0
  },
  "h12": {
    "upper": 5.2516350746154785,
    "lower": 0.0
  },
  "h24": {
    "upper": 2.52108097076416,
    "lower": 0.0
  },
  "h72": {
    "upper": 3.8651227951049805,
    "lower": 0.0
  }
}