{
  "h3": {
    "upper": 2.792438507080078,
    "lower": 0.0
  },
  "h12": {
    "upper": 4.051031112670898,
    "lower": 0.0
  },
  "h24": {
    "upper": 2.0580220222473145,
    "lower": 0.0
  },
  "h72": {
    "upper": 3.2562074661254883,
    "lower": 0.0
  }
}