{
  "horizons": {
    "h3": {
      "mae": 6.723372936248779,
      "rmse": 9.158272743225098,
      "pi_coverage_pct": 80.21806853582555,
      "sharpness_mean_width": 22.482601165771484,
      "crps": 4.956563472413803
    },
    "h12": {
      "mae": 6.844077110290527,
      "rmse": 9.99039077758789,
      "pi_coverage_pct": 78.97196261682244,
      "sharpness_mean_width": 21.28097152709961,
      "crps": 5.117376491580478
    },
    "h24": {
      "mae": 3.6420342922210693,
      "rmse": 6.1536865234375,
      "pi_coverage_pct": 92.5233644859813,
      "sharpness_mean_width": 21.65670394897461,
      "crps": 2.91365435446309
    },
    "h72": {
      "mae": 3.8083138465881348,
      "rmse": 6.426706790924072,
      "pi_coverage_pct": 90.96573208722741,
      "sharpness_mean_width": 21.874462127685547,
      "crps": 3.0752809955354956
    }
  },
  "overall": {
    "mae": 5.254449367523193,
    "rmse": 8.10636043548584,
    "pi_coverage_pct": 85.66978193146417,
    "sharpness": 21.823684692382812,
    "crps": 4.015718828498217
  }
}