{
  "horizons": {
    "h3": {
      "mae": 5.239781379699707,
      "rmse": 7.412009239196777,
      "pi_coverage_pct": 84.42367601246106,
      "sharpness_mean_width": 16.081647872924805,
      "crps": 3.9178838903241537,
      "conformal_margin_upper": 2.792438507080078,
      "conformal_margin_lower": 0.0
    },
    "h12": {
      "mae": 6.106893062591553,
      "rmse": 9.16718864440918,
      "pi_coverage_pct": 85.04672897196261,
      "sharpness_mean_width": 17.61215591430664,
      "crps": 4.627659324618989,
      "conformal_margin_upper": 4.051031112670898,
      "conformal_margin_lower": 0.0
    },
    "h24": {
      "mae": 3.5452401638031006,
      "rmse": 6.094013214111328,
      "pi_coverage_pct": 89.56386292834891,
      "sharpness_mean_width": 14.703536033630371,
      "crps": 2.716693134124353,
      "conformal_margin_upper": 2.0580220222473145,
      "conformal_margin_lower": 0.0
    },
    "h72": {
      "mae": 3.765263795852661,
      "rmse": 6.3718461990356445,
      "pi_coverage_pct": 89.7196261682243,
      "sharpness_mean_width": 15.899731636047363,
      "crps": 2.9118101934010117,
      "conformal_margin_upper": 3.2562074661254883,
      "conformal_margin_lower": 0.0
    }
  },
  "overall": {
    "mae": 4.664294719696045,
    "rmse": 7.360581398010254,
    "pi_coverage_pct": 87.18847352024922,
    "sharpness": 16.074268341064453,
    "crps": 3.543511635617127
  }
}