{
  "horizons": {
    "h3": {
      "mae": 5.239781379699707,
      "rmse": 7.412009239196777,
      "pi_coverage_pct": 74.14330218068535,
      "sharpness_mean_width": 13.28920841217041,
      "crps": 3.9178838903241537
    },
    "h12": {
      "mae": 6.106893062591553,
      "rmse": 9.16718864440918,
      "pi_coverage_pct": 70.09345794392523,
      "sharpness_mean_width": 13.561123847961426,
      "crps": 4.627659324618989
    },
    "h24": {
      "mae": 3.5452401638031006,
      "rmse": 6.094013214111328,
      "pi_coverage_pct": 83.33333333333334,
      "sharpness_mean_width": 12.645513534545898,
      "crps": 2.716693134124353
    },
    "h72": {
      "mae": 3.765263795852661,
      "rmse": 6.3718461990356445,
      "pi_coverage_pct": 81.77570093457945,
      "sharpness_mean_width": 12.643524169921875,
      "crps": 2.9118101934010117
    }
  },
  "overall": {
    "mae": 4.664294719696045,
    "rmse": 7.360581398010254,
    "pi_coverage_pct": 77.33644859813083,
    "sharpness": 13.034842491149902,
    "crps": 3.543511635617127
  }
}