{
  "horizons": {
    "h3": {
      "mae": 5.426334381103516,
      "rmse": 7.703792095184326,
      "pi_coverage_pct": 74.14330218068535,
      "sharpness_mean_width": 14.257718086242676,
      "crps": 4.144680985260461
    },
    "h12": {
      "mae": 5.924239158630371,
      "rmse": 9.015822410583496,
      "pi_coverage_pct": 72.74143302180686,
      "sharpness_mean_width": 14.004423141479492,
      "crps": 4.611115058930565
    },
    "h24": {
      "mae": 3.570878744125366,
      "rmse": 6.090776443481445,
      "pi_coverage_pct": 84.57943925233646,
      "sharpness_mean_width": 13.15933895111084,
      "crps": 2.7471274135159804
    },
    "h72": {
      "mae": 3.7460079193115234,
      "rmse": 6.340455532073975,
      "pi_coverage_pct": 81.93146417445483,
      "sharpness_mean_width": 13.332606315612793,
      "crps": 2.9199310306543866
    }
  },
  "overall": {
    "mae": 4.666865348815918,
    "rmse": 7.3812665939331055,
    "pi_coverage_pct": 78.34890965732087,
    "sharpness": 13.688522338867188,
    "crps": 3.605713622090348
  }
}