{
  "horizons": {
    "h3": {
      "mae": 4.854677200317383,
      "rmse": 7.011241912841797,
      "pi_coverage_pct": 80.21806853582555,
      "sharpness_mean_width": 14.827537536621094,
      "crps": 3.5548266588973814
    },
    "h12": {
      "mae": 6.060335636138916,
      "rmse": 9.124452590942383,
      "pi_coverage_pct": 73.20872274143302,
      "sharpness_mean_width": 14.001770973205566,
      "crps": 4.5478790027486875
    },
    "h24": {
      "mae": 3.5245797634124756,
      "rmse": 6.056883335113525,
      "pi_coverage_pct": 85.82554517133957,
      "sharpness_mean_width": 13.296445846557617,
      "crps": 2.6776385121126225
    },
    "h72": {
      "mae": 3.7093570232391357,
      "rmse": 6.275187969207764,
      "pi_coverage_pct": 84.11214953271028,
      "sharpness_mean_width": 13.433356285095215,
      "crps": 2.8223828863953937
    }
  },
  "overall": {
    "mae": 4.537237167358398,
    "rmse": 7.219366073608398,
    "pi_coverage_pct": 80.8411214953271,
    "sharpness": 13.889778137207031,
    "crps": 3.4006817650385215
  }
}