{
  "horizons": {
    "h3": {
      "mae": 3.676293134689331,
      "rmse": 5.865860939025879,
      "mape": 75.6219711303711
    },
    "h12": {
      "mae": 4.351617813110352,
      "rmse": 6.872037887573242,
      "mape": 89.36036682128906
    },
    "h24": {
      "mae": 4.6294989585876465,
      "rmse": 7.392235279083252,
      "mape": 93.12300872802734
    },
    "h72": {
      "mae": 5.0259904861450195,
      "rmse": 7.9520111083984375,
      "mape": 98.44435119628906
    }
  },
  "overall": {
    "mae": 4.420849800109863,
    "rmse": 7.062450885772705
  }
}