{
  "n_windows": 15200,
  "horizons": {
    "h3": {
      "mae": 4.763610363006592,
      "rmse": 7.537827491760254,
      "pi_coverage_pct": 64.04605263157895,
      "sharpness_mean_width": 10.299487113952637
    },
    "h12": {
      "mae": 5.286463737487793,
      "rmse": 8.254952430725098,
      "pi_coverage_pct": 57.684210526315795,
      "sharpness_mean_width": 9.76988697052002
    },
    "h24": {
      "mae": 5.436625957489014,
      "rmse": 8.42782974243164,
      "pi_coverage_pct": 55.25,
      "sharpness_mean_width": 9.467537879943848
    },
    "h72": {
      "mae": 5.404104709625244,
      "rmse": 8.483208656311035,
      "pi_coverage_pct": 56.83552631578947,
      "sharpness_mean_width": 9.698967933654785
    }
  },
  "overall": {
    "mae": 5.222701072692871,
    "rmse": 8.184684753417969,
    "pi_coverage_pct": 58.453947368421055,
    "sharpness": 9.80897045135498
  }
}